t,vx_raw,wz_raw,vx_cmd,wz_cmd,traversability,stability,obstacle_risk,estop
1775601284.4988277,0.36817842721939087,-0.023914065212011337,0.066,-0.005261094346642494,0.22000000000000003,0.7579387238415478,0.4706305471733212,0
1775601285.128919,0.371924489736557,-0.02384253218770027,0.11748,-0.009349010671675206,0.3916,0.8035062318244651,0.3697145053358376,0
1775601285.7713869,0.37168747186660767,-0.02492070198059082,0.1576344,-0.012774782759636642,0.525448,0.840417459033795,0.29111859137981827,0
1775601286.4440153,0.37369227409362793,-0.02937699295580387,0.18895483200000002,-0.016427269002793433,0.6298494400000001,0.868662735939562,0.23030397050139667,0
1775601287.0773191,0.3397190570831299,-0.013789941556751728,0.21338476896000003,-0.01281326982217888,0.7112825632000002,0.8946216557289676,0.17963709699108935,0
1775601287.7101166,0.33929648995399475,-0.02193428762257099,0.23244011978880003,-0.014819893738265144,0.7748003992960001,0.9160863977973114,0.14252970729153253,0
1775601288.3815494,0.3401086926460266,-0.010984295047819614,0.24730329343526403,-0.011559517115846813,0.8243443114508802,0.9307605732317816,0.11117317168739531,0
1775601289.0843174,0.3220385015010834,-0.009918213821947575,0.25889656887950596,-0.009016423350360514,0.8629885629316866,0.9455698654820718,0.08671507391616831,0
1775601289.704013,0.3440890610218048,-0.009498277679085732,0.2679393237260147,-0.007032810213281201,0.8931310790867157,0.9572844978610846,0.06763775765461115,0
1775601290.3346484,0.2779669165611267,-0.011382889933884144,0.27014539414973937,-0.005485591966359337,0.9004846471657979,0.9854454424735021,0.062452007683700926,0
1775601290.9569085,0.2813138961791992,-0.0030495026148855686,0.27260246459622056,-0.004278761733760283,0.9086748819874019,0.9857215941564174,0.056934451674439016,0
1775601291.5788538,0.2735893726348877,-0.005129300989210606,0.2728195843647273,-0.003337434152333021,0.9093986145490911,0.9955899018552912,0.05602954834671185,0
1775601292.1913776,0.3006715178489685,-0.011687550693750381,0.2787992758044873,-0.0026031986388197564,0.9293309193482912,0.9736641635257784,0.04370304771043519,0
1775601292.8073895,0.2976735532283783,-0.013454608619213104,0.2829516168377434,-0.00203049493827941,0.9431720561258113,0.9814050408004255,0.0351120137936529,0
1775601293.418633,0.2920052409172058,-0.019671756774187088,0.2849434141352251,-0.00158378605185794,0.9498113804507504,0.990393935861866,0.030905064755478717,0
1775601294.0608845,0.2808251678943634,-0.01966359093785286,0.28403739996223554,-0.0012353531204491932,0.9467913332074518,0.9950735757151614,0.03254287663575352,0
1775601294.6768646,0.30881407856941223,-0.023450443521142006,0.28754917197054375,-0.006122673008601612,0.9584972399018126,0.9734750688441056,0.027962992563213263,0
1775601295.304044,0.3146909773349762,-0.03499152138829231,0.29028835413702414,-0.012473819652133566,0.9676278471234139,0.9705465313439505,0.025660201552018456,0
1775601295.9393532,0.32552337646484375,-0.04041104391217232,0.29242491622687883,-0.018620008989342095,0.9747497207562628,0.97030130546421,0.02446017204091339,0
1775601296.5468178,0.33773866295814514,-0.0451778843998909,0.2940914346569655,-0.024462741579662835,0.9803047821898851,0.9698800162813506,0.024048501475900326,0
1775601297.1611836,0.3449866473674774,-0.06518949568271637,0.2953913190324331,-0.03342262748233461,0.9846377301081104,0.9609521885212813,0.02592867567630107,0
1775601297.7747242,0.3379070460796356,-0.06673818826675415,0.29640522884529785,-0.040752050854906914,0.9880174294843262,0.9616636636594589,0.027565567736857706,0
1775601298.3809538,0.3128211498260498,-0.05541268736124039,0.29719607849933233,-0.043977390886300274,0.9906535949977745,0.9688913743762098,0.02759653844448544,0
1775601298.9987175,0.2909693121910095,-0.039954982697963715,0.29582618991150134,-0.04309246108486623,0.9860872997050045,0.9716149990523142,0.029893850719430397,0
1775601299.6236193,0.31276026368141174,-0.04570930451154709,0.296744428130971,-0.043668166638736024,0.9891480937699034,0.9736937524613721,0.028345227057425957,0
1775601300.2730784,0.320132315158844,-0.03884468600153923,0.29746065394215737,-0.04260700089855273,0.9915355131405246,0.9740518573013515,0.02638219256496162,0
1775601300.8971024,0.27537408471107483,-0.03237282484769821,0.29260160871131924,-0.04035548216736474,0.9753386957043975,0.956842039191009,0.034974523661043894,0
1775601301.5933478,0.27620989084243774,-0.04224278777837753,0.2889954307801653,-0.04077068940178755,0.9633181026005511,0.9649871720978507,0.04239448314056314,0
1775601302.2287765,0.31181472539901733,-0.046222977340221405,0.29141643600852896,-0.041970192748243,0.9713881200284299,0.9674726492561408,0.038152224357063565,0
1775601302.8765821,0.3116694986820221,-0.03889116644859314,0.2933048200866526,-0.04129280696232003,0.9776827336221754,0.9708777581402054,0.03403676330785478,0
1775601303.5016382,0.29758569598197937,-0.03773517906665802,0.2942466127836245,-0.0405101288252744,0.9808220426120817,0.9747369965755179,0.03176183884538816,0
1775601304.1337688,0.29399871826171875,-0.0343330092728138,0.29419207598880526,-0.03915116252373307,0.9806402532960176,0.9777398356593943,0.031191429284255997,0
1775601304.7772424,0.3013056814670563,-0.017085200175642967,0.29546981927126814,-0.030537906768511792,0.9848993975708938,0.9630919026655888,0.02432931484171959,0
1775601305.3780818,0.2888888716697693,-0.00905017089098692,0.2940220107989384,-0.023819567279439197,0.9800733693297947,0.9693420888661791,0.023865762041842768,0
1775601305.993799,0.2809988856315613,-0.018178779631853104,0.29115692326211545,-0.018579262477962575,0.9705230775403849,0.9692520465171951,0.026975784714750338,0
1775601306.6126184,0.29444852471351624,-0.01547143142670393,0.2918810755814236,-0.014491824732810809,0.9729369186047454,0.9818493467282405,0.02348376120355816,0
1775601307.2556093,0.29497677087783813,-0.007534787058830261,0.2925621285466348,-0.011303623291592431,0.9752070951554495,0.9853558575156861,0.020527554552526542,0
1775601307.900301,0.3148033618927002,-0.013676971197128296,0.2941984602663752,-0.008816826167442096,0.9806615342212507,0.9841988350418049,0.016011492550970636,0
1775601308.5189946,0.3644624352455139,-0.015281833708286285,0.2954747990077726,-0.006877124410604836,0.9849159966925755,0.9876535301869739,0.012488964189757144,0
1775601309.135428,0.35445231199264526,-0.023280689492821693,0.2964703432260627,-0.010485908728692546,0.988234477420209,0.9836917434369804,0.012302267912220884,0
1775601309.7517726,0.36607852578163147,-0.011119219474494457,0.2972468677163289,-0.008179008808380185,0.9908228923877631,0.988260055099072,0.009595768971532227,0
1775601310.3813834,0.3360303044319153,-0.007264085114002228,0.29785255681873657,-0.006379626870536545,0.9928418560624552,0.9908309606517212,0.007484699797795134,0
1775601311.0325208,0.3202449381351471,-0.009879243560135365,0.29832499431861453,-0.004976108959018505,0.9944166477287152,0.9928409089580134,0.005838065842280141,0
1775601311.6543438,0.3243480324745178,-0.02181718870997429,0.2986934955685193,-0.008681146504228777,0.9956449852283977,0.9868624081771388,0.0069535821150757526,0
1775601312.3185425,0.32650166749954224,-0.012738429009914398,0.2989809265434451,-0.006771294273298447,0.9966030884781504,0.9916797311402576,0.005423794049758996,0
1775601312.9915113,0.35162773728370667,-0.02532958984375,0.2992051227038872,-0.010854119298797787,0.9973504090129575,0.9856149732116566,0.007016814241624416,0
1775601313.61076,0.3633131980895996,-0.035410840064287186,0.29937999570903207,-0.016256597867205458,0.997933319030107,0.9805587192504623,0.009368307515538554,0
1775601314.236378,0.3027164936065674,-0.02482377365231514,0.299516396653045,-0.018141376539929588,0.9983879888434835,0.9867033426764368,0.010037894963874722,0
1775601314.8486774,0.34424224495887756,-0.01838890090584755,0.29962278938937514,-0.01415027370114508,0.9987426312979172,0.9846363306227952,0.007829558071822229,0
1775601315.523954,0.3355852961540222,-0.0074065388180315495,0.2997057757237126,-0.011037213486893162,0.9990192524123753,0.9879959578285382,0.006107055296021386,0
1775601316.1592417,0.3653087019920349,0.012583548203110695,0.2997705050644959,-0.008609026519776667,0.999235016881653,0.9906244228216625,0.004763503130896564,0
1775601316.8273566,0.31653422117233276,-0.0009206525865010917,0.2998209939503068,-0.0067150406854258006,0.9994033131676894,0.9926794789507384,0.003715532442099274,0
1775601317.5064228,0.3130648732185364,0.0009875551331788301,0.2998603752812393,-0.005237731734632125,0.9995345842707978,0.9942853818128852,0.0028981153048373964,0
1775601318.1820035,0.35656481981277466,0.004788250662386417,0.29989109271936665,-0.004085430753013057,0.9996369757312222,0.995539789323049,0.0022605299377731892,0
1775601318.8847542,0.39230185747146606,-0.0036875829100608826,0.299915052321106,-0.003186635987350185,0.9997168410703533,0.9965193257078337,0.0017632133514631112,0
1775601319.5518105,0.3502592444419861,-0.002014607423916459,0.29993374081046265,-0.0024855760701331443,0.9997791360348756,0.9972840331028869,0.0013753064141412365,0
1775601320.2129943,0.3601827025413513,-0.005942464806139469,0.2999483178321609,-0.0019387493347038526,0.999827726107203,0.9978809122185036,0.0010727390030300951,0
1775601320.9153707,0.33579596877098083,0.00011810474097728729,0.29995968790908556,-0.001512224481069005,0.9998656263636185,0.9983467259102817,0.0008367364223633837,0
1775601321.5767038,0.27645784616470337,-0.005575290881097317,0.29478928272532146,-0.001179535095233824,0.9826309424177382,0.9783020940185736,0.011011202096974001,0
1775601322.2198856,0.3318321704864502,0.0011694669956341386,0.2959356405257507,-0.0009200373742823828,0.9864521350858357,0.9944510075196921,0.00858873763563975,0
1775601322.8344638,0.3679456412792206,-0.0002654969575814903,0.2968297996100856,-0.0007176291519402587,0.9894326653669521,0.9956691379902134,0.006699215355798887,0
1775601323.4500403,0.3642280101776123,0.0008440006640739739,0.2975272436958668,-0.0005597507385134018,0.9917574789862227,0.9966203154950335,0.00522538797752309,0
1775601324.093832,0.35689064860343933,-0.0068480027839541435,0.29807125008277613,-0.0004366055760404534,0.9935708336092538,0.9973628647060964,0.004075802622467946,0
1775601324.7343915,0.33792856335639954,-0.0010929154232144356,0.29849557506456537,-0.0003405523493115537,0.9949852502152179,0.9979424371352974,0.0031791260455250447,0
1775601325.360398,0.3065585196018219,0.0027478088159114122,0.298826548550361,-0.00026563083246301187,0.99608849516787,0.9983947374213741,0.0024797183155094975,0
1775601325.9914563,0.3161831498146057,-0.01481274701654911,0.2990847078692816,-0.00020719204932114927,0.9969490262309387,0.9987476739489408,0.0019341802860973374,0
1775601326.6099312,0.338073194026947,-0.014256181195378304,0.29928607213803965,-0.00016160979847049643,0.9976202404601322,0.9990230510496945,0.0015086606231559272,0
1775601327.2307565,0.29694056510925293,-0.01653214544057846,0.2987700605917066,-0.00012605564280698722,0.9959002019723553,0.9978042319153898,0.0025229066379903182,0
1775601327.8541954,0.25805091857910156,-0.02021089382469654,0.2898118493489335,-0.004544720042822689,0.9660394978297784,0.9541422269501033,0.022648661323544317,0
1775601328.4664867,0.28905412554740906,-0.01870792545378208,0.2896451501125981,-0.003544881633401698,0.9654838337086604,0.9955709228392385,0.022482140591504596,0
1775601329.150966,0.2893996834754944,-0.007056479342281818,0.2895911474524353,-0.0027650076740533243,0.965303824841451,0.9968467196680385,0.022200208932156032,0
1775601329.7588782,0.25278955698013306,-0.010094337165355682,0.2814947975485288,-0.002156705985761593,0.9383159918284294,0.9659141155839552,0.03808875789582316,0
1775601330.3712673,0.2663669288158417,-0.007839864119887352,0.2781666664273376,-0.0016822306688940426,0.9272222214244588,0.9850108817068517,0.04450778247977177,0
1775601330.9750493,0.23836898803710938,-0.005215097684413195,0.26941117718148744,-0.0013121399217373533,0.8980372572716249,0.9642369571174059,0.06183371559789375,0
1775601331.5918958,0.24884362518787384,-0.005769968964159489,0.26488631574289245,-0.0010234691389551355,0.8829543858096416,0.9809944058902825,0.0707391030836926,0
1775601332.2340093,0.28224873542785645,0.003693582955747843,0.26870604807358456,-0.0007983059283850057,0.8956868269119486,0.9840009576507,0.06298705681702337,0
1775601332.8564987,0.26084163784980774,7.371306128334254e-05,0.26697587782435367,-0.0006226786241403045,0.8899195927478456,0.9924454055686263,0.0663595836633628,0
1775601333.496594,0.2732953727245331,0.004357128869742155,0.26836616670239316,-0.00048568932682943757,0.8945538890079773,0.9939404547776255,0.06351051125862835,0
1775601334.236803,0.25301843881607056,-0.003993516322225332,0.2649896665674022,-0.0003788376749269613,0.8832988885580073,0.9861871622357868,0.07021008570265909,0
1775601334.8474324,0.26656022667884827,-0.0017188420752063394,0.26533518979192033,-0.00029549338644302984,0.8844506326397344,0.9983049101221692,0.06947736710938084,0
1775601335.4567616,0.25412148237228394,-0.006738715805113316,0.26286817415960034,-0.00023048484142556327,0.8762272471986678,0.9899376456390914,0.07437889410151208,0
1775601336.1328087,0.24894745647907257,-0.006876972503960133,0.25980561626988424,-0.00017977817631193934,0.8660187208996142,0.9876355419279744,0.08047865654838746,0
1775601336.7501085,0.26074013113975525,-0.0016320764552801847,0.2600112095412559,-0.0001402269775233127,0.8667040318041863,0.9990288828679158,0.08004769440624986,0
1775601337.4011543,0.32106050848960876,0.003356803208589554,0.26880874344217964,-0.00010937704246818391,0.8960291448072655,0.9653094803857836,0.06243720163687481,0
1775601338.050623,0.3170053958892822,0.00457765581086278,0.27567081988490016,-8.531409312518346e-05,0.9189027329496673,0.9728366548743883,0.04870101727676222,0
1775601338.7392843,0.2957528233528137,0.0009875375544652343,0.28008886064784116,-6.65449926376431e-05,0.9336295354928039,0.9824135059710524,0.03985555120063647,0
1775601339.4072807,0.3055947721004486,0.00043650102452374995,0.2844693113053161,-5.190509425736162e-05,0.9482310376843871,0.9825765399914995,0.03108732993649642,0
1775601340.0380998,0.28846609592437744,-0.002573333214968443,0.2853486039215096,-4.0485973520742064e-05,0.9511620130716988,0.9964460784884763,0.0293230351437411,0
1775601340.680324,0.32662463188171387,-0.0019722161814570427,0.28857191105877755,-3.157905934617881e-05,0.9619063701959252,0.9871563607262612,0.022871967412117982,0
1775601341.2926996,0.29179954528808594,-0.0038249604403972626,0.28928199058922544,-2.4631666290019474e-05,0.9642733019640848,0.9971375758295695,0.02144833465469414,0
1775601341.9412298,0.24321265518665314,-0.0003526858927216381,0.27914673680065955,-1.921269970621519e-05,0.9304891226688652,0.9602501462641759,0.041716132748533995,0
1775601342.5544188,0.23970797657966614,-0.003798075020313263,0.270470209552041,-1.498590577084785e-05,0.90156736517347,0.9658738382396409,0.0590670738488034,0
1775601343.1859453,0.23472419381141663,0.004564852453768253,0.26260608608910363,-1.1689006501261324e-05,0.8753536202970121,0.969021061383642,0.07479367232504334,0
1775601343.8697875,0.2545349597930908,0.0027238642796874046,0.26083043830398084,-9.117425070983833e-06,0.8694347943466029,0.9929129394843349,0.07834368210457376,0
1775601344.5148897,0.21021194756031036,0.01152864657342434,0.24969437034037334,-7.11159155536739e-06,0.8323145678012445,0.9564260183367096,0.100614815115031,0
1775601345.2378209,0.22804656624794006,0.015012135729193687,0.24493185344003804,-5.547041413186565e-06,0.8164395114667935,0.9811244469525784,0.11013906664063049,0
1775601345.846393,0.2647767663002014,0.01577235758304596,0.24929773426927399,-4.32669230228552e-06,0.8309924475642466,0.9826835558838581,0.10140669480760317,0
1775601346.459219,0.2806626558303833,0.010997239500284195,0.25619801701271805,-3.374819995782706e-06,0.8539933900423935,0.9727728063804809,0.08760565338456179,0
1775601347.0994475,0.29251039028167725,0.013551396317780018,0.26418673913188906,-2.6323595967105107e-06,0.8806224637729636,0.9685475608690007,0.07162783791602019,0
1775601347.7349904,0.30789655447006226,0.013883736915886402,0.2720656565228735,-2.0532404854341983e-06,0.9068855217429117,0.9689736558343451,0.055869713574495695,0
1775601348.4046748,0.28718146681785583,0.01856536604464054,0.27539113478776966,-1.6015275786386746e-06,0.9179704492925655,0.9867844847422945,0.04921853118824999,0
1775601349.0676355,0.28796830773353577,0.015589766204357147,0.2781581128358382,-1.2491915113381663e-06,0.927193709452794,0.9889917971683863,0.04368439892407927,0
1775601349.7271597,0.29988378286361694,0.015643687918782234,0.2829377602419495,-9.743693788437698e-07,0.9431258674731651,0.98106199425585,0.034124966700790384,0
1775601350.436091,0.3304942548274994,0.014527988620102406,0.2866914529887206,-7.600081154981404e-07,0.9556381766290688,0.985096591960668,0.026617474026616465,0
1775601351.0921018,0.28931722044944763,0.023924048990011215,0.2872691218300806,0.005262697971472379,0.957563739433602,0.9846500892029726,0.028093105325575015,0
1775601351.7152157,0.2985984683036804,0.020001772791147232,0.28976157805427255,0.008505294431800847,0.9658719268475752,0.9795052663588074,0.024729491107355322,0
1775601352.3313644,0.30119550228118896,0.019996564835309982,0.2920140308823326,0.006634129656804661,0.9733801029411087,0.984059215201077,0.019289003063737133,0
1775601352.9463017,0.316751092672348,0.012518699280917645,0.2937709440882194,0.005174621132307636,0.9792364802940647,0.9875442427371319,0.015045422389714975,0
1775601353.5564504,0.28908711671829224,0.0016434406861662865,0.29274050206683544,0.0040362044831999564,0.9758016735561181,0.9916186176588806,0.016537098107929096,0
1775601354.1681795,0.22495658695697784,0.016238955780863762,0.27782804074266676,0.003148239496895966,0.9260934691422226,0.938943572261555,0.04591803826311444,0
1775601354.7777936,0.24355897307395935,0.015127236023545265,0.27028884585555113,0.0024556268075788534,0.9009628195185038,0.9677612948634153,0.060650121692687166,0
1775601355.4003496,0.26336535811424255,-0.015079145319759846,0.26876567855246325,0.0019153889099115058,0.8958855951748775,0.9919021264053092,0.06342633735002923,0
1775601356.0222182,0.26913517713546753,-0.005555982701480389,0.2688469682407242,0.0014940033497309745,0.896156560802414,0.9980869007633766,0.06305306519341708,0
1775601356.6243052,0.27786633372306824,-0.002793783787637949,0.2708312286468399,0.00116532261279016,0.902770762156133,0.990864916332678,0.05892020401271524,0
1775601357.2382982,0.26309734582901,-0.0032667715568095446,0.2691297744269173,0.0009089516379763249,0.8970992480897244,0.9922570972628407,0.06219492696515352,0
1775601357.880214,0.27066001296043396,-0.006180821917951107,0.269466426904291,0.0007089822776215334,0.8982214230143034,0.9979011658700582,0.06142163733022872,0
1775601358.5325758,0.3049977421760559,-0.006326464004814625,0.276183812985347,0.0005530061765447961,0.9206127099511567,0.9729155445231219,0.04790887711757836,0
1775601359.1464717,0.2535717189311981,-0.0010525963734835386,0.27120915229343423,0.000431344817704941,0.9040305076447808,0.979848179795969,0.05779736782198401,0
1775601359.7620218,0.25759124755859375,-0.011137953028082848,0.26821321325176933,0.000336448957809854,0.8940440441725644,0.9877340749564251,0.06374179797536625,0
1775601360.441921,0.26244381070137024,-0.01563137024641037,0.26694394469068156,0.00026243018709168613,0.8898131489689386,0.9946579926613643,0.06624332571218268,0
1775601361.0496302,0.27004504203796387,-0.01269492506980896,0.26762618610708366,0.00020469554593151518,0.8920872870236123,0.9970575547817023,0.06484997555879839,0
1775601361.6811097,0.2722982168197632,-0.012434523552656174,0.2686540328638732,0.00015966252582658185,0.8955134428795773,0.9957278673025715,0.06277176553516688,0
1775601362.3184412,0.2753515839576721,-0.014976968988776207,0.270127494104509,0.00012453677014473384,0.9004249803483633,0.9939917572559609,0.059807280176054405,0
1775601363.044756,0.26040634512901306,-0.010884726420044899,0.26798884132989986,9.713868071289239e-05,0.8932961377663329,0.9913793957278284,0.06407088668055672,0
1775601363.682286,0.2580225467681885,-0.008826452307403088,0.2657962565263233,7.576817095605607e-05,0.8859875217544111,0.9911880901571973,0.06844537103283137,0
1775601364.288638,0.2740941643714905,-0.013524499721825123,0.2676217962522601,5.909917334572374e-05,0.8920726541742005,0.9926620090068273,0.0647859570821526,0
1775601364.9320326,0.27645450830459595,-0.012434969656169415,0.269564992903774,4.609735520966452e-05,0.8985499763459134,0.9922086720596308,0.0608930628700568,0
1775601365.5949748,0.26539209485054016,-0.01222857553511858,0.26864695533206256,3.595593706353833e-05,0.8954898511068753,0.9962964639778249,0.06272406730440659,0
1775601366.2123017,0.24718110263347626,-0.009814473800361156,0.2639244677383736,2.8045630909559896e-05,0.8797482257945787,0.9812580620645632,0.07216508733870756,0
1775601366.8281827,0.2682662010192871,-0.007501919753849506,0.2648796490601746,2.187559210945672e-05,0.8829321635339153,0.9961633755616527,0.07025163967570551,0
1775601367.4457057,0.2892580032348633,-0.007136124186217785,0.2702428869786061,1.706296184537624e-05,0.9008096232620204,0.978757754923353,0.05952275752371044,0
1775601368.055151,0.31174349784851074,-0.01362790446728468,0.2767894518433128,1.330911023939347e-05,0.922631506144376,0.9741398312646622,0.04642775086849413,0
1775601368.68439,0.2874636650085449,-0.004469417035579681,0.27913777873966383,1.0381105986726907e-05,0.9304592624655461,0.9906397284937385,0.041729633073665694,0
1775601369.2948139,0.2804514467716217,-0.012289604172110558,0.27942678570669455,8.097262669646988e-06,0.9314226190223152,0.9988360337487384,0.04115047721794573,0
1775601369.9109833,0.2875294089317322,-0.0035980131942778826,0.2812093628162028,6.315864882324651e-06,0.937364542720676,0.9928883789445343,0.03758443230003554,0
1775601370.5405648,0.25395187735557556,-0.005418711341917515,0.2752127160148648,4.926374608213228e-06,0.9173757200495494,0.9762936866566778,0.04957703115757448,0
1775601371.2897527,0.2855159044265747,-0.01445875782519579,0.27747941746544097,3.842572194406318e-06,0.92493139155147,0.9909701217597067,0.04504308635521522,0
1775601371.917625,0.2731837332248688,-0.01985955238342285,0.2765343669325151,2.9972063116369285e-06,0.9217812231083837,0.9962237565414577,0.04693276473812558,0
1775601372.545191,0.2569892108440399,-0.02994433604180813,0.2722344325930506,-0.006585416108274711,0.907448108643502,0.9668912297263992,0.05882384286803615,0
1775601373.1900458,0.32703840732574463,-0.035520948469638824,0.27834285742257947,-0.012951233227774816,0.9278095247419316,0.9572976133189296,0.04978990176872847,0
1775601373.9079955,0.30166611075401306,-0.029304686933755875,0.28310742878961204,-0.01654899304309065,0.9436914292987069,0.9660609982080244,0.04205963894232121,0
1775601374.5584095,0.2860373854637146,-0.015709709376096725,0.2837520192579146,-0.012908214573610707,0.9458400641930487,0.983818326910568,0.03895006877097615,0
1775601375.2069635,0.2610410749912262,-0.020137056708335876,0.27875561151924316,-0.014498559843250245,0.9291853717308106,0.9700422988092807,0.04973805688313875,0
1775601375.8396628,0.31663474440574646,-0.017781376838684082,0.2834293769850097,-0.011308876677735192,0.9447645899500323,0.9697384659872836,0.038795684368848206,0
1775601376.4898667,0.2774801254272461,-0.01329610962420702,0.2821205416423017,-0.00882092380863345,0.940401805474339,0.9854846690663069,0.04016937861971329,0
1775601377.182679,0.26203298568725586,-0.022454887628555298,0.27770127933219163,-0.011820395849016258,0.9256709311073055,0.9708471955057336,0.050507639260124845,0
1775601377.7951143,0.238912433385849,-0.013653432950377464,0.26916773322399623,-0.00921990876223268,0.8972257774133208,0.9570064832583843,0.06627448793312388,0
1775601378.415225,0.2539103925228119,-0.022212976589798927,0.2658111182697357,-0.012078383684297256,0.886037060899119,0.9751318352312337,0.0744169553026772,0
1775601379.0318365,0.22149057686328888,-0.017612164840102196,0.25606059916031737,-0.00942113927375186,0.8535353305343912,0.9521552927134637,0.09258937131624118,0
1775601379.6451213,0.25159865617752075,-0.016286160796880722,0.2550789717041021,-0.007348488633526451,0.8502632390136737,0.9883226601780193,0.09351630090855897,0
1775601380.2874088,0.3096640706062317,-0.014139723964035511,0.26496159792919965,-0.005731821134150632,0.8832053264306655,0.9553956315008671,0.072942714708676,0
1775601380.8974686,0.31380635499954224,-0.017779788002371788,0.27267004638477577,-0.004470820484637494,0.9089001546159192,0.9650347138740839,0.056895317472767215,0
1775601381.5549147,0.2665029764175415,-0.011939309537410736,0.27131329099198426,-0.0034872399780172454,0.9043776366399475,0.9909038202676033,0.059117038005040104,0
1775601382.1704223,0.25540220737457275,-0.013270944356918335,0.2678128525961537,-0.0027200471828534513,0.8927095086538458,0.98324577685705,0.06573431839911925,0
1775601382.7805355,0.2663341462612152,-0.008880099281668663,0.26748753720246726,-0.002121636802625692,0.8916251240082242,0.9964474246446857,0.0660857439963783,0
1775601383.3976448,0.2734825611114502,-0.0055909655056893826,0.2688064424624435,-0.00165487670604804,0.8960214748748118,0.9929881191744991,0.06321455342813696,0
1775601384.011703,0.2725459933280945,-0.017837706953287125,0.26962914365288676,-0.0012908038307174712,0.8987638121762892,0.9953465087706116,0.061387114609585215,0
1775601384.62244,0.255735844373703,-0.015488892793655396,0.26657261781146635,-0.0010068269879596277,0.8885753927048878,0.9867905502330857,0.0673581778710471,0
1775601385.2688255,0.25983044505119324,-0.010234520770609379,0.2650893398042063,-0.0007853250506085096,0.8836311326806877,0.9932540781522101,0.07021398291689163,0
1775601385.9322252,0.2922741174697876,-0.008532270789146423,0.2710699908906342,-0.0006125535394746375,0.9035666363021141,0.975725068719205,0.05816629498846886,0
1775601386.5413277,0.2944183051586151,-0.01399290282279253,0.27620662002959,-0.0004777917607902173,0.9206887334319668,0.979165171680298,0.04782565582121504,0
1775601387.1591542,0.3256278932094574,-0.008744874969124794,0.28144116362308025,-0.00037267757341636953,0.9381372120769342,0.9788912341652999,0.037304011540547646,0
1775601387.8289337,0.2985881268978119,-0.008348558098077774,0.2852134955435212,-0.00029068850726476827,0.9507116518117374,0.9847193029291665,0.029718353166589915,0
1775601388.4654899,0.2996518611907959,-0.013223154470324516,0.28838993598592166,-0.00022673703566651927,0.9612997866197389,0.9871364190626606,0.023333496545989908,0
1775601389.0956898,0.3417646586894989,-0.01782715693116188,0.2909441500690189,-0.00017685488781988504,0.9698138335633965,0.989648897177606,0.018200127305872067,0
1775601389.701484,0.3348524570465088,-0.014552054926753044,0.29293643705383476,-0.00013794681249951034,0.9764547901794493,0.991916907807692,0.014196099298580206,0
1775601390.308023,0.34841078519821167,-0.009776717983186245,0.2944904209019911,-0.00010759851374961807,0.9816347363399704,0.9936895637183867,0.01107295745289254,0
1775601390.9231572,0.3254871964454651,-0.006865478120744228,0.2957025283035531,-8.392684072470209e-05,0.985675094345177,0.9950744342076373,0.008636906813256169,0
1775601391.5301135,0.3139668107032776,-0.0059674810618162155,0.2966479720767714,-6.546293576526763e-05,0.9888265735892381,0.9961559728901035,0.00673678731433978,0
1775601392.1469588,0.35051229596138,-0.016340523958206177,0.29738541821988174,-5.1061089896908756e-05,0.9912847273996058,0.9970003890406146,0.0052546941051849596,0
1775601392.7803423,0.3623970150947571,-0.02003486081957817,0.29796062621150776,-0.004447497030426786,0.9932020873716926,0.9867708325612995,0.006302496092197847,0
1775601393.4112117,0.3503634035587311,-0.017016584053635597,0.29840928844497605,-0.003469047683732893,0.9946976281499202,0.9945289495396256,0.0049159469519143,0
1775601394.0296667,0.3360446095466614,-0.011876458302140236,0.29875924498708134,-0.0027058571933116565,0.9958641499569378,0.9957300067101941,0.003834438622493125,0
1775601394.6401792,0.3381783962249756,-0.011305238120257854,0.29903221108992345,-0.0021105686107830922,0.9967740369664115,0.996667838133107,0.0029908621255446246,0
1775601395.2608273,0.3353610038757324,-0.012492289766669273,0.2992451246501403,-0.001646243516410812,0.9974837488338011,0.9973999597871244,0.0023328724579247534,0
1775601395.9600778,0.3017059564590454,-0.013043634593486786,0.29941119722710946,-0.0012840699428004335,0.9980373240903649,0.9979713879938387,0.0018196405171812518,0
1775601396.589488,0.28749966621398926,-0.00766536733135581,0.29679066040422303,-0.0010015745553843382,0.9893022013474101,0.9885184960236196,0.006919466469246113,0
1775601397.2345002,0.26767927408218384,-0.011037188582122326,0.2903861554133744,-0.0007812281531997838,0.9679538513779148,0.9738973930393561,0.01961830324985102,0
1775601397.8789148,0.2963249981403351,-0.0036126605700701475,0.2916927008133058,-0.0006093579594958314,0.9723090027110193,0.9941426207612822,0.01691927735313635,0
1775601398.4912775,0.29309746623039246,-0.00337586784735322,0.2920017492050649,-0.00047529920840674845,0.973339164016883,0.998259555659484,0.016234151194073555,0
1775601399.0954587,0.2668759822845459,0.0036843791604042053,0.28647408048255074,-0.0003707333825572638,0.9549136016085025,0.9777461790714204,0.027237205726177147,0
1775601399.7155879,0.28951042890548706,0.0001333292602794245,0.28714207713559675,-0.0002891720383946658,0.9571402571186559,0.9970247395664292,0.025860431748003784,0
1775601400.3342626,0.2887762486934662,0.00011783539957832545,0.28750159487832805,-0.00022555418994783932,0.9583386495944268,0.9983233234325242,0.02510958733831782,0
1775601400.9561462,0.2973588705062866,-0.00967694167047739,0.28967019551647893,-0.00017593226815931467,0.9655673183882632,0.9911775358335023,0.020747575101121768,0
1775601401.5652575,0.3197088837623596,-0.010288139805197716,0.2919427525028536,-0.00013722716916426543,0.9731425083428454,0.990806271426032,0.01618310857887487,0
1775601402.1800175,0.3188948631286621,-0.0021311568561941385,0.29371534695222584,-0.00010703719194812704,0.9790511565074195,0.9928216122441236,0.01262282469152238,0
1775601402.8069715,0.2983457148075104,0.007073508109897375,0.29473402788038844,-8.34890097195391e-05,0.9824467596012948,0.9958450910361383,0.010573688744082894,0
1775601403.433814,0.2928802967071533,0.011702247895300388,0.29432620702227674,-6.51214275812405e-05,0.9810873567409225,0.9983008658551593,0.011380146669237113,0
1775601404.047012,0.313193678855896,0.019577372819185257,0.2955744414773759,-5.079471351336759e-05,0.9852481382579197,0.9949657260424811,0.008876514402004874,0
1775601404.6673095,0.2578093409538269,0.015389697626233101,0.28726611936219515,-3.961987654042672e-05,0.9575537312073172,0.9672720896582983,0.02548757121387987,0
1775601405.2804124,0.28857436776161194,0.019545920193195343,0.28755393401006685,-3.090350370153285e-05,0.9585131133668895,0.9988165577317609,0.02490758373171707,0
1775601405.910311,0.2583267390727997,0.02332119271159172,0.2811239511238681,0.0051065576636629825,0.9370798370795604,0.9621853910335273,0.04030537658409523,0
1775601406.5476341,0.29460230469703674,0.016591517254710197,0.2840891889099652,0.0039831149776571265,0.9469639630332174,0.9840295085603086,0.03381317966889813,0
1775601407.1607232,0.27978283166885376,0.023366820067167282,0.2831417903169207,0.00824753009734936,0.9438059677230691,0.9836922453298615,0.03784018441483321,0
1775601407.7772472,0.2831486165523529,0.02445491962134838,0.2831432920887158,0.011813155792629145,0.9438109736290528,0.9870408657793118,0.039619993718882925,0
1775601408.3960288,0.27249395847320557,0.017253918573260307,0.28080043869330357,0.009214261518250734,0.9360014623110119,0.981006363303863,0.04300625337251823,0
1775601409.0183065,0.3045772910118103,0.018487591296434402,0.28502434218077677,0.0071871239842355725,0.9500811406025893,0.9757552904443632,0.0335448776305642,0
1775601409.639164,0.31063151359558105,0.008302735164761543,0.2883189869010059,0.005605956707703747,0.9610632896700196,0.981038188747286,0.02616500455184009,0
1775601410.328903,0.2774537205696106,-0.004296777304261923,0.2859286283080989,0.0043726462320089225,0.9530954276936631,0.9858861688685724,0.030329066499806618,0
1775601410.9380536,0.21082253754138947,-0.0012433795491233468,0.2694052883394228,0.0034106640609669597,0.898017627798076,0.9326524493699567,0.06289475535163785,0
1775601411.5576167,0.2265997678041458,-0.0040622008964419365,0.2599880738216619,0.0026603179675542287,0.866626912738873,0.9603094437293654,0.08135401134045328,0
1775601412.2403393,0.2776934504508972,-0.006199066527187824,0.2638832566800937,0.0020750480146922985,0.8796108556003124,0.9823684912458992,0.07327101064715871,0
1775601412.8877425,0.2819816470146179,-0.005840481258928776,0.26786490255368905,0.0016185374514599928,0.8928830085122968,0.982505955827084,0.06507946361835187,0
1775601413.4929194,0.25452837347984314,-0.00488844932988286,0.264930866157443,0.0012624592121387944,0.8831028871914767,0.9870056336926112,0.0707694972911834,0
1775601414.110759,0.28809040784835815,-0.0015784723218530416,0.27002596532944434,0.0009847181854682598,0.9000865510981478,0.9787997157364949,0.06044042843384543,0
1775601414.717249,0.2735197842121124,-0.007632213644683361,0.2707946054836313,0.0007680801846652426,0.9026486849454378,0.9961156868261799,0.058794829125069926,0
1775601415.3403049,0.2869042158126831,0.0042977300472557545,0.27433871975602275,0.0005991025440388893,0.9144623991867425,0.9852952232878892,0.051622111759973915,0
1775601415.9529557,0.27821144461631775,-0.0006848398479633033,0.27519071922528765,0.0004672999843503336,0.9173023974176255,0.9961023625950217,0.04985221154159984,0
1775601416.5705597,0.2612025737762451,0.0053435275331139565,0.27211332722649834,0.00036449398779326024,0.9070444240883279,0.9873828452344213,0.055955592540899914,0
1775601417.1814845,0.2702122628688812,0.005561190657317638,0.2716950930678226,0.00028430531047874297,0.9056503102260753,0.9980264833054288,0.05675196651959416,0
1775601417.8111277,0.259820818901062,-0.022010907530784607,0.26908275275113525,-0.004620641514599194,0.8969425091704508,0.9776832118582858,0.0641448152550291,0
1775601418.456081,0.23908646404743195,-0.010869935154914856,0.26248356923632055,-0.0036041003813873716,0.8749452307877352,0.9702205458078813,0.07683491171805254,0
1775601419.1359756,0.2543094754219055,0.0005517147365026176,0.26068526859714924,-0.00281119829748215,0.8689508953238309,0.9898670816041396,0.08003506195444256,0
1775601419.7596467,0.27155905961990356,0.0017736736917868257,0.2630775026221552,-0.002192734672036077,0.8769250087405173,0.98816832067712,0.07494136209170767,0
1775601420.4204266,0.27331167459487915,0.0067891404032707214,0.2653290204561545,-0.00171033304418814,0.8844300681871816,0.9892323495660494,0.0701971256097851,0
1775601421.0202343,0.26701387763023376,-0.0014630760997533798,0.2656996890344519,-0.0013340597744667493,0.8856656301148397,0.997101956718462,0.06926765181832956,0
1775601421.6965806,0.2775796055793762,-0.0039043561555445194,0.26831327067433525,-0.0010405666240840645,0.8943775689144509,0.9885049822493905,0.06389374196337151,0
1775601422.3186438,0.2537122070789337,0.00035952404141426086,0.26510103668334695,-0.0008116419667855703,0.8836701222778232,0.9863809832495405,0.07020374761669888,0
1775601422.9365149,0.28211507201194763,-0.009288695640861988,0.2688441244556391,-0.0006330807340927449,0.8961470815187971,0.9844757490918329,0.06262829145576812,0
1775601423.5592709,0.266263872385025,0.011486457660794258,0.268276469000104,-0.000493802972592341,0.8942548966670133,0.9972078265562065,0.06369396348608818,0
1775601424.184651,0.29483723640441895,0.012901172041893005,0.2741198378290533,-0.000385166318622026,0.913732792763511,0.9764972627594556,0.05195290750120438,0
1775601424.8001776,0.2695956230163574,0.008729463443160057,0.2731245105702602,-0.0003004297285251803,0.9104150352342008,0.99570823896217,0.053901193723742136,0
1775601425.4160993,0.273185670375824,-0.01438568253070116,0.2731379657274843,-0.00023433518824964063,0.910459885758281,0.9996968686500224,0.05384123613915624,0
1775601426.0293324,0.28825804591178894,-0.01632087305188179,0.2764643833680313,-0.0001827814468347197,0.9215479445601044,0.9865905498123752,0.04716262398735474,0
1775601426.6546316,0.2800524830818176,-0.023626413196325302,0.2772537653050643,-0.005340380431722648,0.9241792176835477,0.9839866826302955,0.0481626596057327,0
1775601427.3157346,0.2807404398918152,-0.030642325058579445,0.2780208337141495,-0.010906808249631143,0.9267361123804984,0.9805373577114208,0.04941173669651656,0
1775601427.926824,0.2911962866783142,-0.03428812697529793,0.28091943336626574,-0.016050698369277836,0.9363981112208858,0.9705352767057459,0.04618648245210744,0
1775601428.5481796,0.27955371141433716,-0.028294403105974197,0.2806189745368415,-0.018744313411351035,0.9353965817894716,0.9841654831786278,0.048134207631992554,0
1775601429.1742616,0.27961793541908264,-0.03743820637464523,0.28039874593093456,-0.02285696986327576,0.9346624864364486,0.9796746891626272,0.050630993069768745,0
1775601429.8130589,0.28687232732772827,-0.0189480260014534,0.28182293383822915,-0.017828436493355096,0.9394097794607639,0.9756337329528448,0.045268350570219225,0
1775601430.440868,0.2786293625831604,-0.03746108338236809,0.28112034816211406,-0.022147618808937956,0.937067827207047,0.9777292216707107,0.048833113080240804,0
1775601431.0580175,0.27396637201309204,-0.040748946368694305,0.27954647340932925,-0.026239910872084354,0.9318215780310976,0.9727773624260067,0.054027008617383646,0
1775601431.803972,0.28893032670021057,0.024502713233232498,0.28161092113332314,-0.015076533568914648,0.9387030704444105,0.9625947151733574,0.04431642451781104,0
1775601432.4173648,0.30079686641693115,0.038914114236831665,0.2856565184839921,-0.003198591051650459,0.9521883949466403,0.9593132932994646,0.03028625855784104,0
1775601433.0451777,0.28187888860702515,0.03909742087125778,0.28482543991105935,0.006106531571389354,0.9494181330368645,0.9753217861832756,0.03340238596357597,0
1775601433.660227,0.29164010286331177,0.04174131900072098,0.28632466576055493,0.013946184805842312,0.9544155525351832,0.971757197759467,0.034323760881811244,0
1775601434.3021002,0.29231730103492737,0.033824414014816284,0.28764304552091685,0.018319395231816585,0.9588101517363895,0.9770869465417629,0.03387360657407459,0
1775601434.9420521,0.29190593957901,0.04419204220175743,0.2885808822136974,0.024011377565203572,0.961936274045658,0.9732240070499307,0.034843924355207015,0
1775601435.5632234,0.27743807435035706,0.05765876919031143,0.28612946448376253,0.031413803722727306,0.9537648816125418,0.9604845088710422,0.043447972893838574,0
1775601436.1782053,0.30787014961242676,0.05756507068872452,0.2891809822973348,0.03716708245524669,0.9639366076577827,0.9585858342107043,0.04022157663295375,0
1775601436.8093235,0.3125983774662018,0.07242503017187119,0.2915611661919212,0.04492383095290408,0.9718705539730706,0.9536141463994557,0.039339583092609653,0
1775601437.4211886,0.31248939037323,0.05451173335313797,0.29341770962969854,0.04703316948095554,0.9780590320989951,0.9654495458001953,0.036681165481080684,0
1775601438.1169295,0.3196503520011902,0.044640593230724335,0.29486581351116486,0.04650680270590468,0.9828860450372162,0.9703499004373536,0.03352177433062261,0
1775601438.7335715,0.34045398235321045,0.06543898582458496,0.29599533453870863,0.05067188299201434,0.9866511151290288,0.9625356388025174,0.03334527241858988,0
1775601439.3508334,0.3536873757839203,0.023109473288059235,0.29687636094019276,0.044608152857144215,0.9895878698006426,0.9627556455660607,0.02855135454818654,0
1775601439.959036,0.3188295364379883,0.02252815105021,0.2975635615333504,0.03975055245961869,0.9918785384445014,0.9681780434859033,0.024748153163108532,0
1775601440.5737185,0.3161020278930664,0.015527156181633472,0.29809957799601333,0.03100543091850258,0.9936652599867112,0.9654731138268984,0.019303559467224583,0
1775601441.225138,0.32386356592178345,0.01244570966809988,0.2985176708368904,0.024184236116432015,0.9950589027896347,0.9729652818098843,0.015056776384435179,0
1775601441.8563845,0.2946341931819916,0.0052097151055932045,0.2976633057528127,0.018863704170816974,0.9922110191760424,0.9767833748811274,0.014105240579783062,0
1775601442.4720414,0.3344292938709259,-0.00449341768398881,0.29817737848719394,0.01471368925323724,0.9939245949573132,0.9824427905329022,0.011002087652230685,0
1775601443.1731615,0.3066255748271942,-0.012129634618759155,0.2985783552200113,0.011476677617525048,0.9952611840667044,0.9862787375843741,0.008581628368739894,0
1775601443.8772492,0.30722254514694214,-0.007758782245218754,0.29889111707160887,0.008951808541669538,0.9963037235720296,0.9892811706581988,0.00669367012761703,0
1775601444.492467,0.2800758481025696,0.0006737418589182198,0.29475175789842023,0.006982410662502239,0.9825058596614008,0.9762979741485271,0.013987689534410637,0
1775601445.1092336,0.2898762822151184,5.1374918257351965e-05,0.29367915324809385,0.005446280316751747,0.9789305108269796,0.9899648718615359,0.01536483366218813,0
1775601445.7276573,0.28785815834999084,0.0029873880557715893,0.2923985343705112,0.004248098647066363,0.9746617812350374,0.9904034553913643,0.01732698058251072,0
1775601446.341839,0.28567272424697876,0.0007079622009769082,0.2909188561433341,0.003313516944711763,0.9697295204777805,0.9905998256962447,0.019819046185687583,0
1775601446.9640973,0.2701168954372406,0.002374588744714856,0.28634242478799354,0.0025845432168751753,0.9544747492933119,0.9791641842006653,0.028607422032450452,0
1775601447.5996273,0.27132079005241394,0.006599551998078823,0.2830376651461661,0.0020159437091626367,0.9434588838205537,0.9847532178667325,0.03493264156224913,0
1775601448.2215927,0.2716559171676636,0.011388907209038734,0.2805336805908955,0.0015724360931468567,0.9351122686363184,0.9883788814465431,0.039718856864782416,0
1775601448.8604782,0.27581986784935,0.014350461773574352,0.2794966417877555,0.0012265001526545482,0.9316554726258518,0.994561564954412,0.041619966500816195,0
1775601449.4829407,0.28746718168258667,0.014285760931670666,0.2812501605646184,0.0009566701190705477,0.9375005352153947,0.9920001006514098,0.037978013930298475,0
1775601450.129307,0.2845200002193451,0.015554952435195446,0.28196952528865826,0.0007462026928750272,0.939898417628861,0.9963352366021438,0.03643405076912094,0
1775601450.7923186,0.2894205152988434,0.011592747643589973,0.283608743090899,0.0005820381004425212,0.9453624769696634,0.9928494681354076,0.033073532868423246,0
1775601451.402517,0.2880396842956543,0.04980064183473587,0.28458355015594516,0.011410130921987059,0.9486118338531506,0.9692230775814391,0.03653796514910315,0
1775601452.042872,0.2977783679962158,0.04522489756345749,0.2874864100808047,0.018849379583110552,0.9582880336026824,0.9647226514145838,0.034451869629945814,0
1775601452.6660583,0.2859655022621155,0.024292653426527977,0.2871518103606931,0.020046899828662385,0.9571727012023103,0.9863373042839724,0.03571982919294498,0
1775601453.2770944,0.28448039293289185,0.03145268186926842,0.2865640985265768,0.02255617187759571,0.9552136617552561,0.9815253111428397,0.038149888885644176,0
1775601453.8902743,0.28070035576820374,0.01881028525531292,0.28527407511973474,0.017593814064524656,0.9509135837324492,0.9764011952877005,0.038248756792792826,0
1775601454.4986722,0.26236027479171753,0.019060028716921806,0.28023303904757096,0.013723174970329231,0.9341101301585699,0.9658304189106605,0.04639550939002267,0
1775601455.1052542,0.2700752913951874,0.019342090934515,0.2779983345640466,0.0107040764768568,0.9266611152134887,0.9798761888965615,0.049355369110335175,0
1775601455.7299104,0.2836202085018158,0.014918463304638863,0.27923514683035583,0.008349179651948304,0.9307838227678528,0.9862635849782223,0.04570429616526249,0
1775601456.3500848,0.2949513792991638,0.004694110248237848,0.2826927179734936,0.0065123601285196776,0.9423090599116454,0.9794539037713399,0.03787074411727261,0
1775601456.9711907,0.28285008668899536,-0.002936625387519598,0.282727339090904,0.005079640900245349,0.9424244636363466,0.9944715948122487,0.037085142268314726,0
1775601457.582664,0.24759531021118164,-0.008915925398468971,0.2749982927373651,0.003962119902191372,0.916660975791217,0.9654776873135844,0.051984474476365505,0
1775601458.1901233,0.25016775727272034,-0.01789853535592556,0.26953557493514324,0.0030904535237092703,0.8984519164504775,0.9751739333375836,0.06247407689156813,0
1775601458.864377,0.24451959133148193,-0.022945787757635117,0.26403205854233774,-0.002637519558186495,0.8801068618077925,0.9658094011705666,0.07325464269441774,0
1775601459.5700574,0.2675909996032715,-0.018122665584087372,0.2648150255757432,-0.002057265255385466,0.8827167519191441,0.9946931221277096,0.07139858147620626,0
1775601460.1771955,0.2902812659740448,-0.01820991560816765,0.27041759846336955,-0.0016046668992006636,0.9013919948778986,0.9761706888798319,0.05996713652286119,0
1775601460.8048837,0.3098457455635071,-0.01329348050057888,0.27692572680142824,-0.0012516401813765176,0.9230857560047608,0.973006626072348,0.04677436648783176,0
1775601461.4379177,0.3124086856842041,0.0028846943750977516,0.28200206690511403,-0.0009762793414736838,0.9400068896837135,0.978881954095372,0.03648400586050875,0
1775601462.1090517,0.33148136734962463,0.007064853794872761,0.2859616121859889,-0.0007614978863494734,0.9532053739532964,0.9834893272891042,0.02845752457119689,0
1775601462.7907622,0.3140057921409607,0.009165722876787186,0.2890500575050714,-0.0005939683513525892,0.9635001916835714,0.9870981275089026,0.02219686916553347,0
1775601463.4993095,0.3084065020084381,0.009038278833031654,0.2914590448539557,-0.00046329531405501964,0.9715301495131856,0.9899221818576543,0.01731355794911614,0
1775601464.1199832,0.34674984216690063,0.008640846237540245,0.29333805498608545,-0.00036137034496291535,0.9777935166202849,0.9921305518794828,0.013504575200310513,0
1775601464.7358932,0.3256339430809021,0.021589245647192,0.29480368288914666,0.004467765173311166,0.9826789429638222,0.9824020201640605,0.01262651680836227,0
1775601465.4327977,0.3332572877407074,0.010193724185228348,0.29594687265353437,0.0034848568351827096,0.9864895755117813,0.9917531889140758,0.00984868311052258,0
1775601466.1254842,0.32233864068984985,0.023436423391103745,0.2968385606697568,0.007874201477485337,0.9894618688991893,0.9838493019449432,0.010259979399229088,0
1775601466.751429,0.33333998918533325,0.016343899071216583,0.29753407732241033,0.006141877152438563,0.9917802577413678,0.9907256209886725,0.008002783931398602,0
1775601467.3929865,0.33367395401000977,0.035338111221790314,0.2980765803114801,0.012565048647695948,0.9935886010382671,0.97892634005141,0.01012936370088773,0
1775601468.0096068,0.32429981231689453,0.03039327636361122,0.2984997326429545,0.016487258745197308,0.9949991088098483,0.9823764842737674,0.011244164086689662,0
1775601468.6524794,0.281421422958374,0.006154116243124008,0.2947425045123468,0.0128600618212539,0.982475015041156,0.9716949732687821,0.016945021885933366,0
1775601469.2660217,0.2832757234573364,-0.005183632485568523,0.2922198126802445,0.010030848220578042,0.9740660422674817,0.9794494815896694,0.020575798749799985,0
1775601469.9072776,0.3049508333206177,0.012963632121682167,0.2939314538905907,0.007824061612050874,0.9797715129686357,0.9849423485986148,0.016049123024843993,0
1775601470.5254173,0.3204173445701599,-0.0030450813937932253,0.29526653403466074,0.006102768057399682,0.9842217801155358,0.9882354580982315,0.012518315959378332,0
1775601471.1389961,0.3156610131263733,-0.003525593550875783,0.2963078965470354,0.004760159084771752,0.987692988490118,0.990811725027934,0.009764286448315078,0
1775601471.7555938,0.31247416138648987,-0.006459295749664307,0.2971201593066876,0.0037129240861219666,0.9904005310222921,0.9928258747034501,0.007616143429685732,0
1775601472.3710694,0.3161800503730774,-0.008805188350379467,0.2977537242592163,0.002896080787175134,0.9925124141973878,0.9943997533729596,0.005940591875154898,0
1775601472.9898005,0.3167727589607239,-0.014132453128695488,0.2982479049221887,0.002258943013996605,0.9941596830739624,0.9956291105583845,0.004633661662620857,0
1775601473.619869,0.31010735034942627,-0.008762887679040432,0.2986333658393072,0.001761975550917352,0.9954445527976907,0.9965890641337426,0.003614256096844238,0
1775601474.361748,0.2927912771701813,-0.005712247919291258,0.2973481063320995,0.0013743409297155345,0.9911603544403318,0.9934182773103519,0.005990957800658692,0
1775601474.9736516,0.2809547781944275,-0.008268175646662712,0.2937415741418117,0.001071985925178117,0.9791385804727056,0.984553705122776,0.013052844678965678,0
1775601475.6394975,0.2599587142467499,-0.011732423678040504,0.28630934496489807,0.0008361490216389312,0.9543644832163269,0.9698453385166792,0.0277993845810233,0
1775601476.2533576,0.2700963020324707,-0.015336629934608936,0.28274247551976406,0.0006521962368783664,0.9424749183992136,0.9851498853991464,0.034841147078911026,0
1775601476.9009206,0.25846225023269653,-0.010040482506155968,0.2774008259566092,0.0005087130647651258,0.924669419855364,0.978330314454538,0.04545270461916417,0
1775601477.520056,0.2573433816432953,-0.022096779197454453,0.2729881882076801,-0.004464495232923181,0.9099606273589338,0.9706112850410491,0.056255871201101315,0
1775601478.1367848,0.2851189970970154,-0.009234068915247917,0.27565696616333385,-0.0034823062816800817,0.9188565538777795,0.9857222646957923,0.05042722081417232,0
1775601478.7696898,0.2955527603626251,-0.009995545260608196,0.2800340408871779,-0.0027161988997104636,0.9334468029572598,0.9798080311287025,0.041290017675499356,0
1775601479.4097943,0.312432199716568,0.025856856256723404,0.2844265518919988,0.0035698732347049875,0.9480885063066626,0.9685771646597475,0.032931832833354914,0
1775601480.1759706,0.2729402184486389,0.012688109651207924,0.28189955853445964,0.00278450112306989,0.9396651951148655,0.9870140859068678,0.03759313349261567,0
1775601480.8234437,0.3002720773220062,-0.00495175551623106,0.2858816556568785,0.0021719108759945143,0.9529388521895951,0.9819258089768843,0.029322644124240217,0
1775601481.4501212,0.2649790644645691,0.0015641010832041502,0.28128308559457044,0.0016940904832757212,0.9376102853152348,0.9800056262365376,0.038280874052496965,0
1775601482.077111,0.26815909147262573,0.02113969996571541,0.2783958068877426,0.005972124569412452,0.9279860229591421,0.9771733172481927,0.046194448509220956,0
1775601482.6948187,0.2919868528842926,0.03527826815843582,0.2813858370069836,0.012419476158997593,0.9379527900232787,0.9694129840708235,0.04343806406553158,0
1775601483.336228,0.28725987672805786,0.018977373838424683,0.28267812574561996,0.009687191404018122,0.9422604191520666,0.9846418380114275,0.039487344210769104,0
1775601483.9752398,0.30706748366355896,0.00488269841298461,0.2864889380815836,0.007556009295134136,0.9549631269386121,0.976985353639155,0.030800128484399822,0
1775601484.620763,0.327411949634552,0.0083076860755682,0.28946137170363523,0.005893687250204626,0.9648712390121175,0.9820026989565712,0.024024100217831836,0
1775601485.2440739,0.3029642403125763,0.010122883133590221,0.2917798699288355,0.004597076055159608,0.9725995664294517,0.9859341088679181,0.018738798169908803,0
1775601485.9052315,0.36100736260414124,0.012776149436831474,0.29358829854449164,0.0035857193230244945,0.9786276618149722,0.9890115315807643,0.014616262572528937,0
1775601486.5372486,0.36821889877319336,0.011593246832489967,0.2949988728647035,0.0027968610719591057,0.9833295762156784,0.9914185880088996,0.011400684806572511,0
1775601487.1908293,0.35481852293014526,0.022412139922380447,0.29609912083446877,0.007112222419051802,0.9869970694482293,0.9835489946369746,0.011357869540588325,0
1775601487.8332272,0.32914018630981445,0.01619832031428814,0.2969573142508857,0.005547533486860406,0.989857714169619,0.9907075261086727,0.008859138241658812,0
1775601488.4677293,0.3203868865966797,0.013063646852970123,0.29762670511569084,0.004327076119751116,0.9920890170523028,0.9927444333858666,0.006910127828493883,0
1775601489.1236227,0.30329328775405884,0.016481243073940277,0.29814882999023884,0.0033751193734058707,0.9938294333007962,0.9943361278692449,0.005389899706225211,0
1775601489.740129,0.31648343801498413,0.013658879324793816,0.2985560873923863,0.0026325931112565794,0.9951869579746211,0.9955794209617497,0.004204121770855636,0
1775601490.3548608,0.29000771045684814,0.0077124545350670815,0.2966754444665679,0.002053422626780132,0.9889181482218931,0.9903393428943033,0.007675822380254232,0
1775601490.9773338,0.3036680817604065,0.017219796776771545,0.297406846683923,0.0016016696488885033,0.9913561556130767,0.9953807520447588,0.0059871414565982545,0
1775601491.6197302,0.28453999757766724,0.018451880663633347,0.29457613988054676,0.0012493023261330326,0.9819204662684893,0.9874274897322447,0.011472371401972948,0
1775601492.3312457,0.3030220866203308,0.021120164543390274,0.2957693891068265,0.005620892013929625,0.9858979636894216,0.9838059346273224,0.011271667793311842,0
1775601492.9965665,0.3160645365715027,0.01807617023587227,0.29670012350332464,0.004384295770865108,0.9890004116777489,0.9916468054809144,0.008791900878783225,0
1775601493.616637,0.2997507154941559,0.018168363720178604,0.2973712537413075,0.003419750701274784,0.9912375124710251,0.9936964647228492,0.006967367868022335,0
1775601494.2325766,0.31363821029663086,0.01377655565738678,0.29794957791821985,0.0026674055469943316,0.9931652597273996,0.9948615574058938,0.005434546937057434,0
1775601494.8845265,0.30818989872932434,0.011682688258588314,0.29840067077621146,0.0020805763266555787,0.9946689025873716,0.9959897446009189,0.004238946610904819,0
1775601495.5035148,0.29255253076553345,0.019655663520097733,0.2971140799738623,0.0016228495347913514,0.990380266579541,0.9931503251401336,0.006583264819671054,0
1775601496.1314826,0.299182653427124,0.024825002998113632,0.29756916613357987,0.006727323296722253,0.9918972204452663,0.984724912158977,0.008225329381201352,0
1775601496.838595,0.31386926770210266,0.020960798487067223,0.2981039495841923,0.009858687838598147,0.9936798319473077,0.9867572601717426,0.00872144475091446,0
1775601497.4739873,0.3293491303920746,0.018535064533352852,0.29852108067566996,0.007689776514106555,0.9950702689188999,0.9901971291993567,0.006802726905713315,0
1775601498.1035924,0.3007776141166687,0.014563115313649178,0.29884644292702256,0.005998025681003113,0.9961548097567419,0.9923454826661195,0.005306126986456437,0
1775601498.7335956,0.27197593450546265,0.016650332137942314,0.29293493107427937,0.004678460031182428,0.9764497702475979,0.9717813885407379,0.01646936786703245,0
1775601499.373442,0.2916451096534729,0.010045407339930534,0.29265117036170196,0.0036491988243222938,0.9755039012056732,0.9949944052773456,0.016522258688757223,0
1775601500.0013564,0.28731340169906616,0.0013942478690296412,0.2914768612559221,0.0028463750829713893,0.9715895375197403,0.9923036979265919,0.01846946502964151,0
1775601500.7058487,0.29309335350990295,0.00016665831208229065,0.29183248955179786,0.0022201725647176835,0.9727749651726596,0.9962221495982249,0.01744510717876308,0
1775601501.3224497,0.30631548166275024,-0.0006727080908603966,0.29362934185040235,0.0017317346004797932,0.9787644728346745,0.9910104969545472,0.013607183599435201,0
1775601501.9554121,0.2634667754173279,0.008654266595840454,0.286993577235126,0.0013507529883742388,0.95664525745042,0.9724074275702779,0.02668822202393515,0
1775601502.5790844,0.2647704482078552,-0.006103224586695433,0.2821044888491264,0.0010535873309319064,0.9403482961637548,0.9795348346496022,0.03631781596721306,0
1775601503.1900606,0.26799750328063965,-0.0073178610764443874,0.27900095202405933,0.000821798118126887,0.9300031734135311,0.9867992791843025,0.04240899501094477,0
1775601503.8904517,0.2729578912258148,-0.014249689877033234,0.27767147864844555,0.0006410025321389719,0.9255715954948185,0.9940179780293305,0.04497754396917839,0
1775601504.5087352,0.26101869344711304,-0.009590409696102142,0.2740078659041524,0.0004999819750683981,0.9133595530138413,0.9849282500235871,0.052234259179229414,0
1775601505.1229908,0.2706502079963684,-0.005804418120533228,0.2732691811644399,0.00038998594055335056,0.910897270548133,0.9966359471498988,0.0536566306413969,0
1775601505.752743,0.2516346871852875,-0.005684558302164078,0.26850959248902634,0.00030418903363161346,0.8950319749634211,0.9808241973876163,0.06313290953876312,0
1775601506.3789444,0.2109278440475464,0.0037657334469258785,0.2558416078319008,0.0002372674462326585,0.8528053594396694,0.9503504995600423,0.08843541805931468,0
1775601506.9909835,0.20792512595653534,-0.006430543027818203,0.2452999818193204,0.00018506860806147363,0.8176666060644013,0.9585213560643254,0.10949257066538993,0
1775601507.5975628,0.21086637675762177,-0.0055246916599571705,0.2377245887057467,0.00014435351428794944,0.7924152956858224,0.9700039072510205,0.12462299934565056,0
1775601508.2703748,0.24333456158638,0.004393300507217646,0.23895878273948604,0.00011259574114460057,0.7965292757982868,0.9949561734756058,0.12213873239160021,0
1775601508.9153154,0.25997084379196167,0.013040957041084766,0.2435814361710307,8.782467809278844e-05,0.8119381205701024,0.9815875508329992,0.11288103999698496,0
1775601509.5450213,0.24699798226356506,0.005521881394088268,0.2443330763113883,6.850324891237498e-05,0.8144435877046277,0.9969252816140811,0.1113680990016796,0
1775601510.1629107,0.24802258610725403,0.008556783199310303,0.24514476846647876,5.343253415165249e-05,0.8171492282215959,0.9967018246521547,0.1097371793341183,0
1775601510.902098,0.23427219688892365,0.008425612933933735,0.24275280271941663,4.1677376638288944e-05,0.8091760090647221,0.9904338376536624,0.11451523324948588,0
1775601511.5353293,0.2578083276748657,0.005093964748084545,0.24606501820961543,3.2508353777865375e-05,0.8202167273653848,0.9868043815433631,0.10788621775765807,0
1775601512.219388,0.25267481803894043,0.00787411630153656,0.24751917417206695,2.5356515946734994e-05,0.8250639139068898,0.9941734348717198,0.10497432991383947,0
1775601512.8646655,0.2587980628013611,0.002203532261773944,0.2500005296705117,1.9778082438453297e-05,0.8333350989017057,0.9901028346124897,0.10000882970019583,0
1775601513.540016,0.3139490783214569,-0.004230130463838577,0.26100041314299915,1.5426904301993572e-05,0.8700013771433306,0.9569386944677878,0.07800688716615264,0
1775601514.2160046,0.28829675912857056,-0.010771915316581726,0.26700560925982486,1.2032985355554987e-05,0.8900186975327495,0.9762529180452577,0.06599479797302804,0
1775601514.8497298,0.28280964493751526,-0.01955830305814743,0.27048249710891675,9.38572857733289e-06,0.9016083236963892,0.9861788624278593,0.05903969864645514,0
1775601515.4678972,0.3095967173576355,-0.017593035474419594,0.27697634774495505,7.320868290319655e-06,0.9232544924831836,0.9743514656896181,0.04605096494423501,0
1775601516.0801647,0.2862418591976166,-0.028224145993590355,0.2790147602645406,-0.006203601841323429,0.930049200881802,0.9766008114927724,0.045072280391580524,0
1775601516.7264569,0.26348966360092163,-0.02891879715025425,0.27559923899854444,-0.01120094480928821,0.9186641299951481,0.9711666061266243,0.05440199440755523,0
1775601517.341755,0.2669815421104431,-0.034392476081848145,0.2737033456831621,-0.016303081689251396,0.9123444856105405,0.9743941479274897,0.0607448494783014,0
1775601517.9718294,0.26412233710289,-0.04013670235872269,0.2715955237955023,-0.02154647823653508,0.9053184126516743,0.9707451371438146,0.06758219152726293,0
1775601518.604056,0.255414217710495,-0.03450016304850578,0.2680356364568007,-0.024396288895168636,0.893452121522669,0.968373600612382,0.07612687153398295,0
1775601519.2798946,0.2544265389442444,-0.023078948259353638,0.26504163500403827,-0.024106473955289337,0.8834721166801276,0.9756914570031257,0.08196996696956811,0
1775601519.89305,0.2626494765281677,-0.02953985333442688,0.2645153601393468,-0.025301817418699597,0.881717867131156,0.9829994728565951,0.08362018843065622,0
1775601520.613459,0.27220040559768677,-0.03704205900430679,0.2662060701401816,-0.02788467056753318,0.8873535671339388,0.9744609023336147,0.08153019500340333,0
1775601521.2510712,0.27152904868125916,-0.043206341564655304,0.26737712541921865,-0.03125543818690005,0.8912570847307288,0.9733091919872559,0.08087346825501271,0
1775601521.8889015,0.26350030303001404,-0.03159405663609505,0.26652422449359364,-0.03132993424572295,0.8884140816453122,0.9809580694969002,0.08261651813567414,0
1775601522.5090806,0.23753738403320312,-0.02242325246334076,0.26014711959230774,-0.02937046425359887,0.8671570653076925,0.9568462184500334,0.09439099294218391,0
1775601523.142119,0.27429452538490295,-0.02111390233039856,0.2632595488666787,-0.0275540206304948,0.8775318295555956,0.9705817794389553,0.08725791258189003,0
1775601523.7628438,0.29589641094207764,-0.015284118242561817,0.27043965852326646,-0.021492136091785945,0.9014655284108882,0.9497179095958639,0.06986675099936003,0
1775601524.4005437,0.2914673686027527,-0.024034952744841576,0.27506575474075345,-0.022051555755458186,0.9168858491358449,0.9698159167169547,0.06089426839622214,0
1775601525.0155177,0.26884469389915466,-0.033298175781965256,0.2736971213556017,-0.024525812161289743,0.9123237378520057,0.9775694388754382,0.06486866336944144,0
1775601525.6378949,0.3022454082965851,-0.02422141097486019,0.2794837546573693,-0.024458843900275244,0.9316125155245644,0.9651131875927054,0.053261912635399006,0
1775601526.2452745,0.29294466972351074,-0.02157074399292469,0.28244515597192044,-0.023823461920658123,0.9414838532397348,0.9752825060314844,0.04702141901648817,0
1775601526.879107,0.29825666546821594,-0.019949423149228096,0.28592368806110546,-0.018582300298113336,0.9530789602036849,0.9668735070532554,0.03744377402684574,0
1775601527.504458,0.33191174268722534,-0.020149609073996544,0.2890204766876623,-0.018927108228807644,0.9634015889588743,0.9777118106760847,0.03142260073907925,0
1775601528.1232886,0.31206071376800537,-0.02807183936238289,0.2914359718163766,-0.0209389490781942,0.971453239387922,0.976134263710891,0.027597530906343867,0
1775601528.7490382,0.30415859818458557,-0.009206334128975868,0.29332005801677374,-0.016332380280991477,0.9777335267225792,0.9753921609072214,0.021526074106948227,0
1775601529.3669367,0.3074084520339966,-0.0020424986723810434,0.29478964525308354,-0.012739256619173352,0.9826321508436119,0.9807534025356205,0.016790337803419545,0
1775601530.006427,0.2979077994823456,0.00599074037745595,0.2954756391835212,-0.009936620162955215,0.984918797278404,0.986770727615378,0.014017031714435187,0
1775601530.6236286,0.31507939100265503,0.007911299355328083,0.2964709985631465,-0.007750563727105068,0.9882366618771551,0.9878456360528252,0.010933284737259482,0
1775601531.2434056,0.29018718004226685,0.004936357028782368,0.295088558488553,-0.006045439707141953,0.9836285282951767,0.9881085407675467,0.012845602876464978,0
1775601531.8598166,0.29694661498069763,0.006328560411930084,0.29549733091682484,-0.004715442971570723,0.9849911030560828,0.9933692762411753,0.011363059652135658,0
1775601532.4835348,0.2944274842739105,0.004874418489634991,0.2952619646553837,-0.0036780455178251643,0.984206548851279,0.995156485119852,0.011315093448145179,0
1775601533.1074462,0.27358558773994446,-6.469059735536575e-05,0.29049316173398704,-0.0028688755039036284,0.9683105391132901,0.9781150386185944,0.020448114283977737,0
1775601533.7261257,0.307971328496933,0.0060482933185994625,0.2925846661525099,-0.00223772289304483,0.9752822205083663,0.9893103603111532,0.01594952914150262,0
1775601534.3401995,0.3225601017475128,-0.0005552995717152953,0.2942160395989577,-0.0017454238565749675,0.9807201319965257,0.9916522339394971,0.012440632730372035,0
1775601534.9778192,0.3164518475532532,-0.0010334663093090057,0.29548851088718703,-0.0013614306081284747,0.9849617029572901,0.9934827430910308,0.00970369352969016,0
1775601535.5871234,0.32181739807128906,-0.005747814662754536,0.2964810384920059,-0.0010619158743402103,0.9882701283066864,0.9949128855932747,0.007568880953158283,0
1775601536.302142,0.29402250051498413,-0.015886103734374046,0.29594016013706115,-0.0008282943819853641,0.9864672004568705,0.9969597274219452,0.008533826916870364,0
1775601536.9253013,0.2923964858055115,-0.023215746507048607,0.2951605517841202,-0.005753533849499277,0.9838685059470674,0.9842792030192556,0.012555663356509181,0
1775601537.5435991,0.29225924611091614,-0.02002454362809658,0.2945222645360153,-0.008893156000790683,0.9817408817867178,0.9868088052868063,0.015402048928364654,0
1775601538.1975114,0.3218752443790436,-0.020092487335205078,0.29572736633809193,-0.01135700889436185,0.9857578877936398,0.9846917633003278,0.014223771770997033,0
1775601538.8095105,0.3120223581790924,-0.022392479702830315,0.29666734574371173,-0.013784812472224912,0.9888911524790391,0.9846116977512941,0.013557714748688974,0
1775601539.429603,0.32391613721847534,-0.024545740336179733,0.29740052968009517,-0.016152216602294975,0.9913350989336506,0.9843796311618788,0.013275048940957143,0
1775601540.0908365,0.32127806544303894,-0.020169708877801895,0.29797241315047424,-0.017036064902906496,0.9932413771682475,0.9875054502968,0.012573206150504775,0
1775601540.7456121,0.33845439553260803,-0.01247427985072136,0.2984184822573699,-0.013288130624267067,0.994728274191233,0.9842019095991152,0.009807100797393735,0
1775601541.3628798,0.3545185625553131,-0.00912709441035986,0.2987664161607485,-0.010364741886928312,0.9958880538691617,0.9876559367587547,0.007649538621967147,0
1775601541.9828124,0.35914167761802673,0.0035954259801656008,0.2990378046053839,-0.008084498671804084,0.9967926820179462,0.9903584907369296,0.0059666401251342975,0
1775601542.5993645,0.3715857267379761,0.0007568318396806717,0.29924948759219944,-0.0063059089640071855,0.9974982919739982,0.9924716154775048,0.004653979297604674,0
1775601543.2070107,0.36065298318862915,-0.0016794484108686447,0.2994146003219156,-0.004918608991925605,0.9980486677397187,0.994122982272113,0.003630103852131597,0
1775601543.954463,0.3385315537452698,-0.00428971741348505,0.29954338825109417,-0.003836515013701972,0.9984779608369806,0.9954129555912441,0.00283148100466263,0
1775601544.580006,0.3455567955970764,-0.00187510228715837,0.29964384283585344,-0.0029924817106875383,0.9988128094528448,0.9964202966691634,0.002208555183636898,0
1775601545.1970477,0.3599816560745239,0.0017829618882387877,0.2997221974119657,-0.00233413573433628,0.9990739913732191,0.9972067303333431,0.0017226730432367031,0
1775601545.8310885,0.3453490436077118,-0.0027577015571296215,0.2997833139813333,-0.0018206258727822985,0.999277713271111,0.9978205794562915,0.0013436849737245285,0
1775601546.5235076,0.35471686720848083,-0.005360742099583149,0.29983098490543997,-0.0014200881807701928,0.9994366163514666,0.9982996440750878,0.0010480742795051163,0
1775601547.1410882,0.3377700746059418,-0.007348930928856134,0.2998681682262432,-0.0011076687810007504,0.999560560754144,0.998673474141033,0.0008174979380139681,0
1775601547.7555516,0.3085566461086273,-0.001832836540415883,0.2998971712164697,-0.0008639816491805854,0.9996572373882323,0.9989651587687398,0.0006376483916509058,0
1775601548.4095936,0.31556206941604614,-0.0026675753761082888,0.29991979354884635,-0.0006739056863608566,0.9997326451628212,0.9991927319180185,0.0004973657454876892,0
1775601549.03924,0.3050662875175476,-0.005801504943519831,0.29993743896810016,-0.0005256464353614682,0.9997914632270005,0.9993702749633954,0.00038794528148042154,0
1775601549.6527793,0.3189319670200348,-0.011262824758887291,0.29995120239511813,-0.0004100042195819452,0.9998373413170605,0.9995087804384314,0.00030259731955468484,0
1775601550.2695498,0.3250633776187897,-0.006524618715047836,0.29996193786819214,-0.00031980329127391727,0.9998731262273072,0.9996168280345864,0.0002360259092526542,0
1775601550.89095,0.2691645622253418,-0.016400281339883804,0.2931865152267651,-0.0002494465671936555,0.977288384089217,0.9730039596302593,0.013751692830066609,0
1775601551.5397956,0.29133015871047974,0.00752414483577013,0.29277811679318233,-0.0001945683224110513,0.9759270559772745,0.9981610585435212,0.014541050574840843,0
1775601552.1818085,0.3039829134941101,-0.03303762152791023,0.2943669310986822,-0.007420040027620871,0.9812231036622742,0.9757818609776737,0.014976157816445936,0
1775601552.8104382,0.29136207699775696,-0.011058000847697258,0.2937058631964787,-0.00578763122154428,0.9790195439882623,0.9912357272935832,0.015482089217814762,0
1775601553.474118,0.3117717504501343,-0.01237400434911251,0.2950905732932534,-0.004514352352804538,0.9836352443108447,0.9897107262075164,0.012076029589895447,0
1775601554.127623,0.27170076966285706,-0.006121134851127863,0.2899448164945662,-0.00352119483518754,0.9664827216485541,0.9759636475283687,0.021870964428461318,0
1775601554.7704995,0.29044604301452637,-0.008905489929020405,0.29005508632895743,-0.002746531971446281,0.9668502877631915,0.9966419797531076,0.02126309332780825,0
1775601555.3964167,0.22527365386486053,-0.002570458222180605,0.2758031711868561,-0.0021422949377280995,0.919343903956187,0.9424359852698808,0.04946480509515183,0
1775601556.0102758,0.2351166307926178,-0.002692779526114464,0.26685213230012367,-0.0016709900514279177,0.889507107667079,0.9631151882742484,0.06713123042546658,0
1775601556.640668,0.23831060528755188,-0.014105396345257759,0.26057299635735787,-0.0013033722401137758,0.8685766545245263,0.9738446689575981,0.07950569340534114,0
1775601557.2649896,0.22231829166412354,-0.012397995218634605,0.25215696132484633,-0.0010166303472887452,0.8405232044161545,0.9658507700150384,0.09619439252395169,0
1775601557.8864827,0.24819710850715637,-0.015657832846045494,0.2512857937049545,-0.0007929716708852212,0.8376193123498484,0.9956808806727904,0.09782489842553355,0
1775601558.497473,0.24352221190929413,-0.004623552318662405,0.24957780570990923,-0.0006185179032904725,0.8319260190330308,0.9925378625663075,0.10115364753182678,0
1775601559.1123295,0.22765114903450012,-0.0048747435212135315,0.24475394124131922,-0.0004824439645665686,0.8158464708043974,0.9803860780208934,0.11073333949964483,0
1775601559.7600996,0.22227613627910614,-0.004533769097179174,0.23980882414963234,-0.0003763062923619235,0.7993627471654412,0.9800213744840709,0.12057050484691624,0
1775601560.4311826,0.21473094820976257,-0.003927307669073343,0.234291691442861,-0.0002935189080423003,0.7809723048095367,0.9778677284772943,0.1315633765682991,0
1775601561.1030703,0.2101670801639557,-0.0017124097794294357,0.22898427696150184,-0.00022894474827299423,0.7632809232050062,0.9787556308217269,0.14214591845113278,0
1775601561.728258,0.21570201218128204,0.008050667122006416,0.22606217870985348,-0.0001785769036529355,0.7535405956995116,0.9881918527424235,0.1479649310321195,0
1775601562.3686922,0.2570984959602356,-0.0035751075483858585,0.23289016850493754,-0.0001392899848492897,0.7763005616831252,0.9729134251303738,0.1342893079825495,0
1775601562.9812493,0.28722697496414185,0.003660947782918811,0.24484426592596248,-0.00010864618818244597,0.8161475530865416,0.9531986020245845,0.11036579124216625,0
1775601563.6865416,0.2583993077278137,-0.0015251555014401674,0.24782637512236977,-8.474402678230786e-05,0.826087917074566,0.9880533219339284,0.10438962176865156,0
1775601564.3079598,0.28295060992240906,0.010203802026808262,0.2555537067783784,-6.610034089020014e-05,0.8518456892612614,0.9694952883705541,0.08892563661368827,0
1775601564.935849,0.2166469842195511,0.0087576974183321,0.2469942278154364,-5.155826589435611e-05,0.8233140927181214,0.9662885540917757,0.10603732350207434,0
1775601565.549195,0.22638516128063202,0.009753131307661533,0.24246023317777946,-4.021544739759777e-05,0.8082007772592649,0.9819854652470236,0.11509964136813987,0
1775601566.1841047,0.24811729788780212,0.0035658820997923613,0.24370478741398446,-3.136804897012626e-05,0.8123492913799483,0.9950009413275426,0.1126061091965161,0
1775601566.8409004,0.23367568850517273,0.006926900241523981,0.2414983856540459,-2.4467078196698484e-05,0.8049946188468198,0.9911874179325707,0.11701546223100648,0
1775601567.4722486,0.25415918231010437,-0.0039032467175275087,0.24428376091837878,-1.908432099342482e-05,0.8142792030612627,0.9889002531326787,0.11144202032373911,0
1775601568.0895731,0.22776059806346893,-0.009308013133704662,0.2406486650902986,-1.488577037487136e-05,0.8021622169676621,0.9855492063472069,0.11871011270459017,0
1775601568.8419392,0.2563484013080597,-0.010339615866541862,0.24410260705820605,-1.1610900892399662e-05,0.8136753568606868,0.9862670462566095,0.11180059133403411,0
1775601569.463216,0.24732241034507751,-0.008279900066554546,0.24481096378131778,-9.056502696071736e-06,0.816036545937726,0.9971609737387302,0.11038260068871242,0
1775601570.177996,0.2542555034160614,0.006312304642051458,0.2468887625009614,-7.064072102935954e-06,0.8229625416698714,0.9917157929623784,0.10622600703412864,0
1775601570.7940454,0.29674237966537476,-0.00305715249851346,0.25785655827713233,-5.509976240290044e-06,0.8595218609237745,0.9570716257513803,0.08428963843385547,0
1775601571.4455929,0.2790871560573578,0.001565625541843474,0.2625272897887819,-4.297781467426235e-06,0.8750909659626065,0.9814860293683064,0.07494756931316982,0
1775601572.0584903,0.2694771885871887,0.00330893462523818,0.26405626752443145,-3.3522695445924633e-06,0.8801875584147716,0.9938992077695444,0.07188914108590934,0
1775601572.6653304,0.3123582601547241,0.0025423415936529636,0.2719638886690565,-2.6147702447821214e-06,0.9065462955635217,0.96886183057685,0.05607353004700935,0
1775601573.3413587,0.312010258436203,0.0007216595113277435,0.2781318331618641,-2.039520790930055e-06,0.927106110539547,0.9756279653990423,0.0437373534366673,0
1775601574.012675,0.31686535477638245,-0.014265717938542366,0.28294282986625396,-1.5908262169254429e-06,0.9431427662208466,0.9809383360789393,0.03411513568060051,0
1775601574.6486936,0.34221282601356506,-0.014130461029708385,0.2866954072956781,-1.2408444492018454e-06,0.9556513576522604,0.9851004827159112,0.026609805830868367,0
1775601575.2536876,0.3269864022731781,-0.01181972585618496,0.2896224176906289,-9.678586703774394e-07,0.965408058968763,0.988359212921275,0.02075564854807737,0
1775601575.9185166,0.3154420554637909,-0.0034869848750531673,0.2919054857986906,-7.549297628944028e-07,0.9730182859956353,0.9909085041011547,0.016189405867500246,0
1775601576.5577605,0.32956942915916443,-0.002036695834249258,0.29368627892297866,-5.888452150576342e-07,0.9789542630765956,0.9929015150213274,0.012627736576650162,0
1775601577.1819286,0.3324905335903168,-0.005593466572463512,0.29507529755992334,-4.592992677449547e-07,0.9835843251997445,0.9944588458546482,0.009849634529787184,0
1775601577.9396243,0.2771446704864502,-0.006188181694597006,0.2911305596037592,-3.5825342884106466e-07,0.9704351986791975,0.9843445083985184,0.017739059919195933,0
1775601578.6254625,0.30475717782974243,0.0017207920318469405,0.2930818364909322,-2.7943767449603043e-07,0.9769394549697741,0.9922249781716662,0.013836466736972801,0
1775601579.2524343,0.29131945967674255,0.007835188880562782,0.2926941135918105,-2.1796138610690374e-07,0.9756470453060351,0.9984500788405903,0.014611881797072006,0
1775601579.8669615,0.2980199456214905,0.003376124892383814,0.2938657966383401,-1.7000988116338492e-07,0.9795526554611338,0.9953240533435039,0.012268491728260306,0
1775601580.4796154,0.2672007977962494,0.0005045950529165566,0.28799949689308013,-1.3260770730744023e-07,0.9599983229769338,0.9768078301543479,0.02400107251769339,0
1775601581.098824,0.3109510838985443,0.002344176173210144,0.2906396075766025,-1.0343401169980339e-07,0.9687986919220084,0.989495014061611,0.01872083656380081,0
1775601581.741312,0.3413756489753723,-0.010137519799172878,0.29269889390974996,-8.067852912584664e-08,0.9756629796991666,0.9917966018454024,0.014602252519764602,0
1775601582.348401,0.31608322262763977,0.008458709344267845,0.29430513724960494,-6.292925271816039e-08,0.9810171241653498,0.9935955561143872,0.011389756965416475,0
1775601582.9656909,0.3067121207714081,0.005700917448848486,0.2955580070546919,-4.90848171201651e-08,0.9851933568489729,0.9950010053205651,0.008884010433024813,0
1775601583.5728414,0.2829156517982483,0.001494482159614563,0.2927766888982743,-3.828615735372878e-08,0.975922296327581,0.9889363440680905,0.014446641346530084,0
1775601584.1847312,0.2868982255458832,-0.0053614238277077675,0.29148342696074825,-2.9863202735908444e-08,0.9716114232024942,0.9948402778055101,0.01703316101010487,0
1775601584.8054378,0.2995513081550598,-0.024013934656977654,0.2932583608234968,-0.005283088917833218,0.9775278694116561,0.9798974084826633,0.01612482281192292,0
1775601585.4197628,0.27288252115249634,-0.01843785122036934,0.28877567609587673,-0.0041208093559099105,0.9625855869862558,0.9779314507003343,0.024509052486201444,0
1775601586.046924,0.2860119938850403,-0.013312429189682007,0.28816766600949273,-0.0032142312976097304,0.9605588866983091,0.9941647793098837,0.025271783629819383,0
1775601586.6713424,0.31228309869766235,-0.010301033966243267,0.2907707794874044,-0.00250710041213559,0.9692359316246812,0.9870049090146208,0.019711991231259045,0
1775601587.2825186,0.2762218117713928,-0.004552224185317755,0.28757000658988185,-0.0019555383214657604,0.9585666886329396,0.9852262340613746,0.025837755980969126,0
1775601587.8909504,0.34335488080978394,-0.01900981366634369,0.29030460514010786,-0.0015253198907432932,0.967682017133693,0.9875170752067752,0.020153449665155875,0
1775601588.500021,0.342524915933609,-0.011478956788778305,0.29243759200928415,-0.0011897495147797687,0.9747919733642806,0.9902498806690287,0.015719690738821533,0
1775601589.123561,0.3597336411476135,-0.01542671024799347,0.2941013217672417,-0.0009280046215282196,0.980337739224139,0.992386717842409,0.012261358776280694,0
1775601589.8066795,0.3700752854347229,-0.010354949161410332,0.29539903097844855,-0.0007238436047920113,0.9846634365948286,0.9940566513093082,0.009563859845498858,0
1775601590.4309845,0.34275588393211365,-0.014693026430904865,0.29641124416318987,-0.0005645980117377689,0.9880374805439662,0.995361149924629,0.007459810679489146,0
1775601591.0740745,0.3347316384315491,-0.016067374497652054,0.2972007704472881,-0.00044038644915545975,0.9906692348242937,0.9963798471249934,0.005818652330001511,0
1775601591.689617,0.34345144033432007,-0.022119536995887756,0.29781660094888474,-0.005209799569436565,0.9927220031629491,0.9854991173449038,0.006971697886948811,0
1775601592.381265,0.36030006408691406,-0.0466066375374794,0.29829694874013013,-0.014317103922405988,0.9943231624671005,0.9730745784079735,0.01056465448094269,0
1775601592.9994678,0.3016315698623657,-0.04145587980747223,0.2986716200173015,-0.020287634617120562,0.9955720667243384,0.9766923551275267,0.012800577273957241,0
1775601593.6857748,0.309332937002182,-0.061964113265275955,0.2989638636134952,-0.02945645991971475,0.9965462120449841,0.966344527189719,0.016800502732866943,0
1775601594.2930832,0.3479398787021637,-0.0662795901298523,0.29919181361852626,-0.03755754856594501,0.9973060453950876,0.9647437551634112,0.020395147045919944,0
1775601594.9064054,0.3257203698158264,-0.059823352843523026,0.2993696146224505,-0.04245602550701218,0.9978987154081683,0.9687621362497859,0.022488783508605094,0
1775601595.5228627,0.37798458337783813,-0.06293860822916031,0.2995082994055114,-0.04696219370588477,0.9983609980183713,0.9674919520736454,0.0244644980419196,0
1775601596.1737337,0.3348401188850403,-0.04878260940313339,0.2996164735362989,-0.047362685159279466,0.9987215784543296,0.9753927954262768,0.024448395507041955,0
1775601596.8890939,0.35860568284988403,-0.036149051040410995,0.29970084935831315,-0.0448956856531284,0.9990028311943772,0.9726613106346296,0.023046144109937904,0
1775601597.5933397,0.3286043703556061,-0.037683527916669846,0.29976666249948425,-0.04330901095110752,0.9992222083316142,0.9752210580825563,0.02212118047658522,0
1775601598.23445,0.36282163858413696,-0.030300190672278404,0.29981799674959775,-0.04044707048976512,0.9993933224986592,0.9741862682038571,0.02058754174568704,0
1775601598.9051476,0.36931028962135315,-0.04418383166193962,0.29985803746468626,-0.041269157947643506,0.9995267915489542,0.9778109632407735,0.02091850404444924,0
1775601599.5281963,0.3836471140384674,-0.024261798709630966,0.2998892692224553,-0.037527538915280746,0.9996308974081843,0.9739727681064128,0.01898523101272977,0
1775601600.1988735,0.3679964542388916,-0.023720841854810715,0.2999136299935151,-0.03449006556197734,0.9997120999783837,0.9768546374819886,0.017417772793958432,0
1775601600.8131244,0.356941282749176,-0.0241052508354187,0.2999326313949418,-0.03220540632213444,0.9997754379831394,0.9794657321563295,0.016237440371183586,0
1775601601.4801502,0.3528370261192322,-0.01854872703552246,0.29994745248805466,-0.025120216931264868,0.9998248416268489,0.9735658911923,0.012665203489523078,0
1775601602.1243398,0.3524894714355469,-0.026029232889413834,0.2999590129406826,-0.02532020044205764,0.9998633764689421,0.9869792046181624,0.012742074339663574,0
1775601602.7833946,0.3622526228427887,-0.010363060049712658,0.2999680300937324,-0.019749756344804963,0.9998934336457748,0.9791682080903819,0.009938817984937622,0
1775601603.3619995,0.4036216735839844,-0.018662821501493454,0.2999750634731113,-0.015404809948947872,0.9999168782437045,0.9837136491089833,0.007752278028251262,0
1775601603.9756594,0.3366378843784332,-0.02128654718399048,0.29998054950902686,-0.016698792140657247,0.9999351650300896,0.9891005298006099,0.008388297052274856,0
1775601604.5321088,0.3682960867881775,-0.024709036573767662,0.29998482861704096,-0.018461045915941537,0.9999494287234699,0.9873090707855193,0.009260865723888814,0
1775601605.1626568,0.3972598910331726,-0.025099297985434532,0.299988166321292,-0.019921461371229996,0.9999605544043066,0.9871878707605831,0.009984398043031011,0
1775601605.7156615,0.38156700134277344,-0.021435391157865524,0.2999907697306078,-0.020254525924289814,0.9999692324353593,0.9892543457957521,0.010145723500929333,0
1775601606.259149,0.37352973222732544,-0.011782084591686726,0.2999928003898741,-0.015798530220946055,0.9999760012995803,0.9833212769166972,0.007913664330724842,0
1775601607.4070363,0.345316082239151,-0.01569380983710289,0.2999943843041018,-0.012322853572337924,0.9999812810136727,0.9869665647651831,0.006172658177965358,0
